timestamp,consumption_kwh,hour,day_of_week,is_weekend
2024-01-01 00:00:00,1.3490142459033698,0,0,0
2024-01-01 01:00:00,1.1585207096486445,1,0,0
2024-01-01 02:00:00,1.1297539875829992,2,0,0
2024-01-01 03:00:00,1.1297589129152459,3,0,0
2024-01-01 04:00:00,1.6737638446522174,4,0,0
2024-01-01 05:00:00,1.4302304187458725,5,0,0
2024-01-01 06:00:00,3.3591576842195146,6,0,0
2024-01-01 07:00:00,3.6627680130757896,7,0,0
2024-01-01 08:00:00,3.57258868146981,8,0,0
2024-01-01 09:00:00,2.926015926602661,9,0,0
2024-01-01 10:00:00,2.196150663899673,10,0,0
2024-01-01 11:00:00,2.594274199778582,11,0,0
2024-01-01 12:00:00,2.939694630676466,12,0,0
2024-01-01 13:00:00,2.432267109854039,13,0,0
2024-01-01 14:00:00,2.3366851826424453,14,0,0
2024-01-01 15:00:00,2.5332767769129596,15,0,0
2024-01-01 16:00:00,2.3198083930243585,16,0,0
2024-01-01 17:00:00,4.412491875062017,17,0,0
2024-01-01 18:00:00,4.49595083257862,18,0,0
2024-01-01 19:00:00,4.18268672131323,19,0,0
2024-01-01 20:00:00,4.746763473630956,20,0,0
2024-01-01 21:00:00,4.133746905008693,21,0,0
2024-01-01 22:00:00,0.8015441853304708,22,0,0
2024-01-01 23:00:00,1.259058370760737,23,0,0
2024-01-02 00:00:00,1.4215399739986232,0,1,0
2024-01-02 01:00:00,1.251410484356991,1,1,0
2024-01-02 02:00:00,1.1653055152835279,2,1,0
2024-01-02 03:00:00,1.1096688913232133,3,1,0
2024-01-02 04:00:00,1.0618083687120636,4,1,0
2024-01-02 05:00:00,1.5171366678656746,5,1,0
2024-01-02 06:00:00,3.5972251908184383,6,1,0
2024-01-02 07:00:00,3.384475315875105,7,1,0
2024-01-02 08:00:00,3.2969233999082124,8,1,0
2024-01-02 09:00:00,3.6835028866522603,9,1,0
2024-01-02 10:00:00,2.8092998567487855,10,1,0
2024-01-02 11:00:00,2.7793840357348594,11,1,0
2024-01-02 12:00:00,2.2482347430332084,12,1,0
2024-01-02 13:00:00,2.407236287244636,13,1,0
2024-01-02 14:00:00,2.356247728646413,14,1,0
2024-01-02 15:00:00,2.444302307000855,15,1,0
2024-01-02 16:00:00,2.7437577467182592,16,1,0
2024-01-02 17:00:00,4.906872008571247,17,1,0
2024-01-02 18:00:00,4.60849080751429,18,1,0
2024-01-02 19:00:00,4.3064640736184625,19,1,0
2024-01-02 20:00:00,4.489252188267015,20,1,0
2024-01-02 21:00:00,4.969393096744202,21,1,0
2024-01-02 22:00:00,1.2261141204714514,22,1,0
2024-01-02 23:00:00,1.1102977948602397,23,1,0
2024-01-03 00:00:00,1.1340984336487463,0,2,0
2024-01-03 01:00:00,1.3071337714535238,1,2,0
2024-01-03 02:00:00,0.9574519191320436,2,2,0
2024-01-03 03:00:00,1.049472886924639,3,2,0
2024-01-03 04:00:00,1.4746206353106222,4,2,0
2024-01-03 05:00:00,1.2986253328979054,5,2,0
2024-01-03 06:00:00,3.529123264804412,6,2,0
2024-01-03 07:00:00,3.790593497159867,7,2,0
2024-01-03 08:00:00,3.2893840718367944,8,2,0
2024-01-03 09:00:00,3.4017013560206695,9,2,0
2024-01-03 10:00:00,2.588836083119373,10,2,0
2024-01-03 11:00:00,2.578316581653967,11,2,0
2024-01-03 12:00:00,2.075388777384876,12,2,0
2024-01-03 13:00:00,2.3738064031703923,13,2,0
2024-01-03 14:00:00,2.451614286500197,14,2,0
2024-01-03 15:00:00,2.6212152570443616,15,2,0
2024-01-03 16:00:00,2.5772651172168293,16,2,0
2024-01-03 17:00:00,4.47766622527015,17,2,0
2024-01-03 18:00:00,3.9243686354102874,18,2,0
2024-01-03 19:00:00,4.492045837365235,19,2,0
2024-01-03 20:00:00,4.518069062982308,20,2,0
2024-01-03 21:00:00,5.238972633745586,21,2,0
2024-01-03 22:00:00,1.1422917105656631,22,2,0
2024-01-03 23:00:00,1.2904642027000837,23,2,0
2024-01-04 00:00:00,1.542846844354506,0,3,0
2024-01-04 01:00:00,1.4255799098060322,1,3,0
2024-01-04 02:00:00,1.6208382932808296,2,3,0
2024-01-04 03:00:00,0.7794446811623157,3,3,0
2024-01-04 04:00:00,0.9028391024607935,4,3,0
2024-01-04 05:00:00,1.0301106811191685,5,3,0
2024-01-04 06:00:00,3.03480097068016,6,3,0
2024-01-04 07:00:00,3.5205688924418084,7,3,0
2024-01-04 08:00:00,3.224172729729859,8,3,0
2024-01-04 09:00:00,3.9649803215052617,9,3,0
2024-01-04 10:00:00,2.2650240122991288,10,3,0
2024-01-04 11:00:00,2.403381545138297,11,3,0
2024-01-04 12:00:00,2.744055165210901,12,3,0
2024-01-04 13:00:00,2.1307407050698135,13,3,0
2024-01-04 14:00:00,2.0177550296316316,14,3,0
2024-01-04 15:00:00,2.555390157559691,15,3,0
2024-01-04 16:00:00,2.5779648382745273,16,3,0
2024-01-04 17:00:00,4.734546861533193,17,3,0
2024-01-04 18:00:00,4.65658246968507,18,3,0
2024-01-04 19:00:00,4.5890954019699555,19,3,0
2024-01-04 20:00:00,4.295992583526453,20,3,0
2024-01-04 21:00:00,4.569676109148301,21,3,0
2024-01-04 22:00:00,1.2879217419896043,22,3,0
2024-01-04 23:00:00,0.9856945745920896,23,3,0
2024-01-05 00:00:00,1.759732353343427,0,4,0
2024-01-05 01:00:00,1.3421498762735362,1,4,0
2024-01-05 02:00:00,0.9075954989318036,2,4,0
2024-01-05 03:00:00,1.4361253811227355,3,4,0
2024-01-05 04:00:00,1.4890128387732964,4,4,0
2024-01-05 05:00:00,1.3238342780809496,5,4,0
2024-01-05 06:00:00,3.426383565199139,6,4,0
2024-01-05 07:00:00,3.2738791506927534,7,4,0
2024-01-05 08:00:00,3.476869487175769,8,4,0
2024-01-05 09:00:00,3.602345592444993,9,4,0
2024-01-05 10:00:00,2.503900567563372,10,4,0
2024-01-05 11:00:00,2.9360602231471953,11,4,0
2024-01-05 12:00:00,2.6877002043295017,12,4,0
2024-01-05 13:00:00,2.2428527330751153,13,4,0
2024-01-05 14:00:00,2.178732250581666,14,4,0
2024-01-05 15:00:00,2.6447417245729556,15,4,0
2024-01-05 16:00:00,2.432961164402245,16,4,0
2024-01-05 17:00:00,4.7142001482276275,17,4,0
2024-01-05 18:00:00,4.641971287372064,18,4,0
2024-01-05 19:00:00,4.478151326202938,19,4,0
2024-01-05 20:00:00,4.245961884579478,20,4,0
2024-01-05 21:00:00,4.04554583259424,21,4,0
2024-01-05 22:00:00,1.264228123239061,22,4,0
2024-01-05 23:00:00,0.8262783663864035,23,4,0
2024-01-06 00:00:00,1.1748427691396601,0,5,1
2024-01-06 01:00:00,4.486117531783658,1,5,1
2024-01-06 02:00:00,1.4574626155338,2,5,1
2024-01-06 03:00:00,1.097108910650813,3,5,1
2024-01-06 04:00:00,1.764915372952583,4,5,1
2024-01-06 05:00:00,1.7561406156104709,5,5,1
2024-01-06 06:00:00,4.354510580162598,6,5,1
2024-01-06 07:00:00,4.354135785273662,7,5,1
2024-01-06 08:00:00,4.354514305891815,8,5,1
2024-01-06 09:00:00,5.355819447196416,9,5,1
2024-01-06 10:00:00,3.2862005290479606,10,5,1
2024-01-06 11:00:00,3.1954173753917394,11,5,1
2024-01-06 12:00:00,2.7681524356387284,12,5,1
2024-01-06 13:00:00,2.928954417977997,13,5,1
2024-01-06 14:00:00,3.6943975700020526,14,5,1
2024-01-06 15:00:00,2.4398204422224756,15,5,1
2024-01-06 16:00:00,2.85842044026317,16,5,1
2024-01-06 17:00:00,5.726685179090209,17,5,1
2024-01-06 18:00:00,5.185408887222009,18,5,1
2024-01-06 19:00:00,5.603879324680403,19,5,1
2024-01-06 20:00:00,5.413671551971143,20,5,1
2024-01-06 21:00:00,5.204519895718255,21,5,1
2024-01-06 22:00:00,0.8324572240027178,22,5,1
2024-01-06 23:00:00,1.4959362944308283,23,5,1
2024-01-07 00:00:00,1.2022437784701898,0,6,1
2024-01-07 01:00:00,1.4055790675599302,1,6,1
2024-01-07 02:00:00,1.591496183694137,2,6,1
2024-01-07 03:00:00,1.6997265582510364,3,6,1
2024-01-07 04:00:00,1.297516406651713,4,6,1
2024-01-07 05:00:00,1.2440012302278864,5,6,1
2024-01-07 06:00:00,3.8217348136994866,6,6,1
2024-01-07 07:00:00,4.475358584116433,7,6,1
2024-01-07 08:00:00,4.83664685910379,8,6,1
2024-01-07 09:00:00,4.509739578165345,9,6,1
2024-01-07 10:00:00,3.3800733447559868,10,6,1
2024-01-07 11:00:00,2.7876991603143657,11,6,1
2024-01-07 12:00:00,3.1331458284438685,12,6,1
2024-01-07 13:00:00,3.232390216028801,13,6,1
2024-01-07 14:00:00,2.0276197979792783,14,6,1
2024-01-07 15:00:00,2.692683707599713,15,6,1
2024-01-07 16:00:00,3.4897233911794907,16,6,1
2024-01-07 17:00:00,4.97095758661181,17,6,1
2024-01-07 18:00:00,5.8323819867198345,18,6,1
2024-01-07 19:00:00,4.969241354646168,19,6,1
2024-01-07 20:00:00,5.105547404685614,20,6,1
2024-01-07 21:00:00,5.538631042278981,21,6,1
2024-01-07 22:00:00,1.4609406254970057,22,6,1
2024-01-07 23:00:00,1.3244059209414718,23,6,1
2024-01-08 00:00:00,1.6758050448436055,0,0,0
2024-01-08 01:00:00,0.8286553503519453,1,0,0
2024-01-08 02:00:00,1.1544644714893249,2,0,0
2024-01-08 03:00:00,1.376495161945373,3,0,0
2024-01-08 04:00:00,1.2842975603205098,4,0,0
2024-01-08 05:00:00,1.0131901440538218,5,0,0
2024-01-08 06:00:00,3.3231905729167366,6,0,0
2024-01-08 07:00:00,3.7548806291063075,7,0,0
2024-01-08 08:00:00,3.7698799626299753,8,0,0
2024-01-08 09:00:00,3.5921898562629826,9,0,0
2024-01-08 10:00:00,2.251301496723378,10,0,0
2024-01-08 11:00:00,2.3319456879409093,11,0,0
2024-01-08 12:00:00,2.4937295218107556,12,0,0
2024-01-08 13:00:00,2.5351982149926346,13,0,0
2024-01-08 14:00:00,2.6641292143510116,14,0,0
2024-01-08 15:00:00,2.4393422042698316,15,0,0
2024-01-08 16:00:00,2.747624904696409,16,0,0
2024-01-08 17:00:00,4.744052890800192,17,0,0
2024-01-08 18:00:00,4.891643642146299,18,0,0
2024-01-08 19:00:00,4.5063011524898275,19,0,0
2024-01-08 20:00:00,4.597249905746533,20,0,0
2024-01-08 21:00:00,4.460957083689695,21,0,0
2024-01-08 22:00:00,0.9545337950299582,22,0,0
2024-01-08 23:00:00,1.8277161827056378,23,0,0
2024-01-09 00:00:00,1.5474332620500202,0,1,0
2024-01-09 01:00:00,1.4374988081888807,1,1,0
2024-01-09 02:00:00,1.1963259681459255,2,1,0
2024-01-09 03:00:00,0.9308236885542505,3,1,0
2024-01-09 04:00:00,1.4925359200253254,4,1,0
2024-01-09 05:00:00,1.1558827855493583,5,1,0
2024-01-09 06:00:00,3.6238794362826874,6,1,0
2024-01-09 07:00:00,3.3308826341588076,7,1,0
2024-01-09 08:00:00,3.573489971332617,8,1,0
2024-01-09 09:00:00,3.3479170473886612,9,1,0
2024-01-09 10:00:00,2.3586885083145033,10,1,0
2024-01-09 11:00:00,2.569614981207291,11,1,0
2024-01-09 12:00:00,2.0655746975508027,12,1,0
2024-01-09 13:00:00,2.0777608676870334,13,1,0
2024-01-09 14:00:00,2.284466733624269,14,1,0
2024-01-09 15:00:00,2.435965854486446,15,1,0
2024-01-09 16:00:00,2.7572978869606057,16,1,0
2024-01-09 17:00:00,4.4520184410109716,17,1,0
2024-01-09 18:00:00,4.494446059202283,18,1,0
2024-01-09 19:00:00,4.413402408323958,19,1,0
2024-01-09 20:00:00,4.596815568101427,20,1,0
2024-01-09 21:00:00,4.251830716934303,21,1,0
2024-01-09 22:00:00,1.1673719554629427,22,1,0
2024-01-09 23:00:00,1.3205135166296824,23,1,0
2024-01-10 00:00:00,1.267227744543125,0,2,0
2024-01-10 01:00:00,1.2037777202345383,1,2,0
2024-01-10 02:00:00,1.2073530522776827,2,2,0
2024-01-10 03:00:00,1.3493994873736348,3,2,0
2024-01-10 04:00:00,1.8459547372534668,4,2,0
2024-01-10 05:00:00,0.9697957311335851,5,2,0
2024-01-10 06:00:00,4.156940879965302,6,2,0
2024-01-10 07:00:00,3.2575105143934544,7,2,0
2024-01-10 08:00:00,2.862831282707058,8,2,0
2024-01-10 09:00:00,3.342273493495772,9,2,0
2024-01-10 10:00:00,2.6025267927331477,10,2,0
2024-01-10 11:00:00,3.0628512517647657,11,2,0
2024-01-10 12:00:00,2.2304755985954925,12,2,0
2024-01-10 13:00:00,2.6475757514519516,13,2,0
2024-01-10 14:00:00,2.1039300378938073,14,2,0
2024-01-10 15:00:00,3.049437629756306,15,2,0
2024-01-10 16:00:00,2.853832036216386,16,2,0
2024-01-10 17:00:00,4.359247304368589,17,2,0
2024-01-10 18:00:00,3.9860596412727367,18,2,0
2024-01-10 19:00:00,4.906161712249624,19,2,0
2024-01-10 20:00:00,4.465638046424215,20,2,0
2024-01-10 21:00:00,4.871344893592038,21,2,0
2024-01-10 22:00:00,1.201573109915455,22,2,0
2024-01-10 23:00:00,1.2140941781294226,23,2,0
2024-01-11 00:00:00,1.0649803585562267,0,3,0
2024-01-11 01:00:00,1.3868549797042495,1,3,0
2024-01-11 02:00:00,1.2360886895135696,2,3,0
2024-01-11 03:00:00,1.3543316502176246,3,3,0
2024-01-11 04:00:00,0.7397657487793132,4,3,0
2024-01-11 05:00:00,1.5833030465695526,5,3,0
2024-01-11 06:00:00,3.9653455926567567,6,3,0
2024-01-11 07:00:00,3.5347023902878574,7,3,0
2024-01-11 08:00:00,4.118224377464596,8,3,0
2024-01-11 09:00:00,4.026602252732961,9,3,0
2024-01-11 10:00:00,2.6936127848755445,10,3,0
2024-01-11 11:00:00,2.9105894672597046,11,3,0
2024-01-11 12:00:00,2.8175273460548764,12,3,0
2024-01-11 13:00:00,1.9723781540730658,13,3,0
2024-01-11 14:00:00,2.419177949666633,14,3,0
2024-01-11 15:00:00,2.7152626767387886,15,3,0
2024-01-11 16:00:00,2.9885846636713875,16,3,0
2024-01-11 17:00:00,4.085969562535532,17,3,0
2024-01-11 18:00:00,3.9889852681934537,18,3,0
2024-01-11 19:00:00,4.483335690331014,19,3,0
2024-01-11 20:00:00,3.879767369988037,20,3,0
2024-01-11 21:00:00,4.473263988146163,21,3,0
2024-01-11 22:00:00,1.3099794738290544,22,3,0
2024-01-11 23:00:00,0.9180360641017934,23,3,0
2024-01-12 00:00:00,1.1811962708180483,0,4,0
2024-01-12 01:00:00,1.4865426961503714,1,4,0
2024-01-12 02:00:00,1.0409227144882678,2,4,0
2024-01-12 03:00:00,0.9621381503212967,3,4,0
2024-01-12 04:00:00,1.1678908920136326,4,4,0
2024-01-12 05:00:00,0.8894273032741877,5,4,0
2024-01-12 06:00:00,4.089417539874916,6,4,0
2024-01-12 07:00:00,3.5105790655915188,7,4,0
2024-01-12 08:00:00,3.2900823476022243,8,4,0
2024-01-12 09:00:00,3.5641939732202665,9,4,0
2024-01-12 10:00:00,2.466301585092751,10,4,0
2024-01-12 11:00:00,2.433709120140033,11,4,0
2024-01-12 12:00:00,2.3408496557168417,12,4,0
2024-01-12 13:00:00,2.327254527806596,13,4,0
2024-01-12 14:00:00,2.0454426813404343,14,4,0
2024-01-12 15:00:00,2.9100622802333573,15,4,0
2024-01-12 16:00:00,2.67296708891673,16,4,0
2024-01-12 17:00:00,4.593375046363061,17,4,0
2024-01-12 18:00:00,4.46162472255577,18,4,0
2024-01-12 19:00:00,4.213337867819872,19,4,0
2024-01-12 20:00:00,4.273094776414709,20,4,0
2024-01-12 21:00:00,4.073323887120698,21,4,0
2024-01-12 22:00:00,1.006028134727242,22,4,0
2024-01-12 23:00:00,0.8755355989156814,23,4,0
2024-01-13 00:00:00,1.9461424905217695,0,5,1
2024-01-13 01:00:00,1.704491927084835,1,5,1
2024-01-13 02:00:00,1.4632104922942855,2,5,1
2024-01-13 03:00:00,1.1816147396015209,3,5,1
2024-01-13 04:00:00,1.128826153702063,4,5,1
2024-01-13 05:00:00,1.3828983965749175,5,5,1
2024-01-13 06:00:00,4.477853264259492,6,5,1
2024-01-13 07:00:00,4.7728249921410395,7,5,1
2024-01-13 08:00:00,3.780429727854258,8,5,1
2024-01-13 09:00:00,4.368890771007171,9,5,1
2024-01-13 10:00:00,2.804807229263452,10,5,1
2024-01-13 11:00:00,2.8538623848705913,11,5,1
2024-01-13 12:00:00,3.014556488383448,12,5,1
2024-01-13 13:00:00,2.7507149650766887,13,5,1
2024-01-13 14:00:00,2.928315585940077,14,5,1
2024-01-13 15:00:00,2.727730901387521,15,5,1
2024-01-13 16:00:00,2.8269686008295003,16,5,1
2024-01-13 17:00:00,5.626617367747726,17,5,1
2024-01-13 18:00:00,5.429799691628768,18,5,1
2024-01-13 19:00:00,5.625416137011536,19,5,1
2024-01-13 20:00:00,5.201212872316246,20,5,1
2024-01-13 21:00:00,5.571179600577947,21,5,1
2024-01-13 22:00:00,0.9517372686350511,22,5,1
2024-01-13 23:00:00,1.4544254839984145,23,5,1
2024-01-14 00:00:00,1.6315777376332121,0,6,1
2024-01-14 01:00:00,0.941543981319312,1,6,1
2024-01-14 02:00:00,1.244449167659352,2,6,1
2024-01-14 03:00:00,1.4542196013949242,3,6,1
2024-01-14 04:00:00,1.741887842764332,4,6,1
2024-01-14 05:00:00,1.2669324391430554,5,6,1
2024-01-14 06:00:00,4.358941253374585,6,6,1
2024-01-14 07:00:00,4.63247058619737,7,6,1
2024-01-14 08:00:00,4.373121638154162,8,6,1
2024-01-14 09:00:00,4.139086384187102,9,6,1
2024-01-14 10:00:00,3.111343762011393,10,6,1
2024-01-14 11:00:00,2.818804443985254,11,6,1
2024-01-14 12:00:00,3.02597693624187,12,6,1
2024-01-14 13:00:00,2.953296829382376,13,6,1
2024-01-14 14:00:00,3.1012807986225606,14,6,1
2024-01-14 15:00:00,2.87643691016326,15,6,1
2024-01-14 16:00:00,3.118335642713489,16,6,1
2024-01-14 17:00:00,5.273704655753921,17,6,1
2024-01-14 18:00:00,5.661337411029507,18,6,1
2024-01-14 19:00:00,5.302192940349647,19,6,1
2024-01-14 20:00:00,4.788562639446643,20,6,1
2024-01-14 21:00:00,5.097574106724778,21,6,1
2024-01-14 22:00:00,1.4455255137568654,22,6,1
2024-01-14 23:00:00,1.9429311936825848,23,6,1
2024-01-15 00:00:00,1.4488216743550466,0,0,0
2024-01-15 01:00:00,0.5366594072976344,1,0,0
2024-01-15 02:00:00,0.7564241262660475,2,0,0
2024-01-15 03:00:00,1.5431262129620786,3,0,0
2024-01-15 04:00:00,1.3898345598318853,4,0,0
2024-01-15 05:00:00,1.8812078573413187,5,0,0
2024-01-15 06:00:00,3.3621917301379267,6,0,0
2024-01-15 07:00:00,3.2450466891605627,7,0,0
2024-01-15 08:00:00,3.521469871165818,8,0,0
2024-01-15 09:00:00,3.356702765970465,9,0,0
2024-01-15 10:00:00,2.8112619832773698,10,0,0
2024-01-15 11:00:00,2.346995080343576,11,0,0
2024-01-15 12:00:00,2.4190375194119884,12,0,0
2024-01-15 13:00:00,2.206370885265308,13,0,0
2024-01-15 14:00:00,2.7270965849936055,14,0,0
2024-01-15 15:00:00,2.2233504027467124,15,0,0
2024-01-15 16:00:00,2.62403047096711,16,0,0
2024-01-15 17:00:00,5.06303874376742,17,0,0
2024-01-15 18:00:00,3.9663839253287163,18,0,0
2024-01-15 19:00:00,4.948813293446755,19,0,0
2024-01-15 20:00:00,4.583990587895946,20,0,0
2024-01-15 21:00:00,4.162353285810487,21,0,0
2024-01-15 22:00:00,1.2328184383814678,22,0,0
2024-01-15 23:00:00,1.4177299871696076,23,0,0
2024-01-16 00:00:00,0.9628576633664063,0,1,0
2024-01-16 01:00:00,1.3414405071407987,1,1,0
2024-01-16 02:00:00,1.677955987991819,2,1,0
2024-01-16 03:00:00,1.0466352970706445,3,1,0
2024-01-16 04:00:00,0.9031185539224257,4,1,0
2024-01-16 05:00:00,1.1622639239701056,5,1,0
2024-01-16 06:00:00,3.5167174736866085,6,1,0
2024-01-16 07:00:00,3.8282574555412845,7,1,0
2024-01-16 08:00:00,3.452597630426303,8,1,0
2024-01-16 09:00:00,3.371935679015774,9,1,0
2024-01-16 10:00:00,2.1963686874219497,10,1,0
2024-01-16 11:00:00,2.003542998440269,11,1,0
2024-01-16 12:00:00,2.113011730077684,12,1,0
2024-01-16 13:00:00,2.1114763683809152,13,1,0
2024-01-16 14:00:00,2.4221225945909186,14,1,0
2024-01-16 15:00:00,2.049057114064568,15,1,0
2024-01-16 16:00:00,1.6909340071175285,16,1,0
2024-01-16 17:00:00,4.4837115400446566,17,1,0
2024-01-16 18:00:00,5.054686828483604,18,1,0
2024-01-16 19:00:00,4.837969508864327,19,1,0
2024-01-16 20:00:00,4.4193333928335505,20,1,0
2024-01-16 21:00:00,7.168042227377499,21,1,0
2024-01-16 22:00:00,1.972007940974958,22,1,0
2024-01-16 23:00:00,1.2177655302043464,23,1,0
2024-01-17 00:00:00,1.2594254282303565,0,2,0
2024-01-17 01:00:00,1.1566918764228171,1,2,0
2024-01-17 02:00:00,1.1901740189352004,2,2,0
2024-01-17 03:00:00,1.0369725686598705,3,2,0
2024-01-17 04:00:00,1.1235068347737434,4,2,0
2024-01-17 05:00:00,1.6511978965748066,5,2,0
2024-01-17 06:00:00,3.8738255577492886,6,2,0
2024-01-17 07:00:00,2.8779829302775553,7,2,0
2024-01-17 08:00:00,3.0777464915846537,8,2,0
2024-01-17 09:00:00,3.2666549937227374,9,2,0
2024-01-17 10:00:00,2.7807035179442385,10,2,0
2024-01-17 11:00:00,2.8814665284982475,11,2,0
2024-01-17 12:00:00,2.7165016192129707,12,2,0
2024-01-17 13:00:00,2.161284468634831,13,2,0
2024-01-17 14:00:00,2.342643920116068,14,2,0
2024-01-17 15:00:00,2.6468123683683755,15,2,0
2024-01-17 16:00:00,2.4279023805525597,16,2,0
2024-01-17 17:00:00,4.3875537577351205,17,2,0
2024-01-17 18:00:00,4.391710150254276,18,2,0
2024-01-17 19:00:00,4.847798941009274,19,2,0
2024-01-17 20:00:00,4.677930377390515,20,2,0
2024-01-17 21:00:00,4.407136068205803,21,2,0
2024-01-17 22:00:00,1.2978399066726354,22,2,0
2024-01-17 23:00:00,0.824665927084409,23,2,0
2024-01-18 00:00:00,1.043183093844288,0,3,0
2024-01-18 01:00:00,1.5147027677510667,1,3,0
2024-01-18 02:00:00,0.7330112479428288,2,3,0
2024-01-18 03:00:00,1.381802985403692,3,3,0
2024-01-18 04:00:00,0.5754211776348833,4,3,0
2024-01-18 05:00:00,1.7089369104870114,5,3,0
2024-01-18 06:00:00,3.336524273957315,6,3,0
2024-01-18 07:00:00,3.619740834305621,7,3,0
2024-01-18 08:00:00,3.5342682945986117,8,3,0
2024-01-18 09:00:00,3.545090528438563,9,3,0
2024-01-18 10:00:00,2.592340530667618,10,3,0
2024-01-18 11:00:00,1.9869494822030123,11,3,0
2024-01-18 12:00:00,2.5512596314383824,12,3,0
2024-01-18 13:00:00,2.4448049990941962,13,3,0
2024-01-18 14:00:00,2.3380720959071914,14,3,0
2024-01-18 15:00:00,2.266508582379306,15,3,0
2024-01-18 16:00:00,2.5587535765293046,16,3,0
2024-01-18 17:00:00,4.2064881667154905,17,3,0
2024-01-18 18:00:00,4.808746691197693,18,3,0
2024-01-18 19:00:00,4.641779244723913,19,3,0
2024-01-18 20:00:00,4.576808920294162,20,3,0
2024-01-18 21:00:00,4.794807295183654,21,3,0
2024-01-18 22:00:00,0.6477377306005064,22,3,0
2024-01-18 23:00:00,0.8161269099792895,23,3,0
2024-01-19 00:00:00,1.3552977061407367,0,4,0
2024-01-19 01:00:00,0.9822768560539603,1,4,0
2024-01-19 02:00:00,1.0165446591024154,2,4,0
2024-01-19 03:00:00,0.7780016709455333,3,4,0
2024-01-19 04:00:00,0.9072380241068001,4,4,0
2024-01-19 05:00:00,1.5160925389823519,5,4,0
2024-01-19 06:00:00,3.6479953702642667,6,4,0
2024-01-19 07:00:00,3.555450837108462,7,4,0
2024-01-19 08:00:00,3.327308652128668,8,4,0
2024-01-19 09:00:00,3.5366029443936084,9,4,0
2024-01-19 10:00:00,2.8447819978857027,10,4,0
2024-01-19 11:00:00,2.2890470724622336,11,4,0
2024-01-19 12:00:00,2.4895034528509115,12,4,0
2024-01-19 13:00:00,3.031240190690653,13,4,0
2024-01-19 14:00:00,2.7123255806366426,14,4,0
2024-01-19 15:00:00,2.33125996723172,15,4,0
2024-01-19 16:00:00,2.686542988665159,16,4,0
2024-01-19 17:00:00,4.028932584032863,17,4,0
2024-01-19 18:00:00,4.477669971269986,18,4,0
2024-01-19 19:00:00,4.686201629265203,19,4,0
2024-01-19 20:00:00,4.614059355301789,20,4,0
2024-01-19 21:00:00,4.683175723585147,21,4,0
2024-01-19 22:00:00,1.450176646364671,22,4,0
2024-01-19 23:00:00,1.337754023768531,23,4,0
2024-01-20 00:00:00,1.5688854657397757,0,5,1
2024-01-20 01:00:00,1.5023063061489332,1,5,1
2024-01-20 02:00:00,1.1156830378775213,2,5,1
2024-01-20 03:00:00,1.755945855999871,3,5,1
2024-01-20 04:00:00,1.4281334538430035,4,5,1
2024-01-20 05:00:00,1.6444502092117872,5,5,1
2024-01-20 06:00:00,4.4814851417928,6,5,1
2024-01-20 07:00:00,4.045186581534788,7,5,1
2024-01-20 08:00:00,4.069651131770305,8,5,1
2024-01-20 09:00:00,4.1072483629594085,9,5,1
2024-01-20 10:00:00,3.3767268376720563,10,5,1
2024-01-20 11:00:00,2.731617809334149,11,5,1
2024-01-20 12:00:00,3.43409336530612,12,5,1
2024-01-20 13:00:00,3.0589664329534725,13,5,1
2024-01-20 14:00:00,3.0801150797607777,14,5,1
2024-01-20 15:00:00,3.266889238687031,15,5,1
2024-01-20 16:00:00,3.0246851967826274,16,5,1
2024-01-20 17:00:00,5.719644112519605,17,5,1
2024-01-20 18:00:00,5.244813464969888,18,5,1
2024-01-20 19:00:00,5.822804232055674,19,5,1
2024-01-20 20:00:00,5.266349243579768,20,5,1
2024-01-20 21:00:00,5.83601534313531,21,5,1
2024-01-20 22:00:00,1.3139439548712428,22,5,1
2024-01-20 23:00:00,1.3554646173418479,23,5,1
2024-01-21 00:00:00,1.1387577699743796,0,6,1
2024-01-21 01:00:00,1.2096607304687614,1,6,1
2024-01-21 02:00:00,1.4295945337839655,2,6,1
2024-01-21 03:00:00,1.5102644197609563,3,6,1
2024-01-21 04:00:00,1.735296719542975,4,6,1
2024-01-21 05:00:00,1.3758033467323472,5,6,1
2024-01-21 06:00:00,6.86318339353131,6,6,1
2024-01-21 07:00:00,4.314722923855215,7,6,1
2024-01-21 08:00:00,4.249935662463917,8,6,1
2024-01-21 09:00:00,4.347735379202445,9,6,1
2024-01-21 10:00:00,2.808678004724605,10,6,1
2024-01-21 11:00:00,2.8407009134994547,11,6,1
2024-01-21 12:00:00,2.8087838618080445,12,6,1
2024-01-21 13:00:00,3.3567049593322658,13,6,1
2024-01-21 14:00:00,3.4261512743969567,14,6,1
2024-01-21 15:00:00,2.828776111875157,15,6,1
2024-01-21 16:00:00,2.834333086715709,16,6,1
2024-01-21 17:00:00,5.589879545326653,17,6,1
2024-01-21 18:00:00,5.864251560399018,18,6,1
2024-01-21 19:00:00,5.938763301928656,19,6,1
2024-01-21 20:00:00,5.216163392854684,20,6,1
2024-01-21 21:00:00,5.2836895320192045,21,6,1
2024-01-21 22:00:00,1.5257596172174714,22,6,1
2024-01-21 23:00:00,1.5403370369961074,23,6,1
2024-01-22 00:00:00,1.1469158317517851,0,0,0
2024-01-22 01:00:00,0.9605108266384639,1,0,0
2024-01-22 02:00:00,1.1900619081378607,2,0,0
2024-01-22 03:00:00,1.7383673590553363,3,0,0
2024-01-22 04:00:00,1.0447166102891485,4,0,0
2024-01-22 05:00:00,1.2671363854916695,5,0,0
2024-01-22 06:00:00,4.2580797277620865,6,0,0
2024-01-22 07:00:00,3.340739368123904,7,0,0
2024-01-22 08:00:00,3.7045674468878933,8,0,0
2024-01-22 09:00:00,4.05401219772081,9,0,0
2024-01-22 10:00:00,2.6771964492076927,10,0,0
2024-01-22 11:00:00,2.8326110741748725,11,0,0
2024-01-22 12:00:00,2.746144654359209,12,0,0
2024-01-22 13:00:00,2.652182209332189,13,0,0
2024-01-22 14:00:00,2.914647697311258,14,0,0
2024-01-22 15:00:00,2.694612966276893,15,0,0
2024-01-22 16:00:00,2.4498645759049436,16,0,0
2024-01-22 17:00:00,4.544014105929997,17,0,0
2024-01-22 18:00:00,4.61060199266187,18,0,0
2024-01-22 19:00:00,4.381998356301792,19,0,0
2024-01-22 20:00:00,4.557329720405971,20,0,0
2024-01-22 21:00:00,4.513930964446844,21,0,0
2024-01-22 22:00:00,1.3936452543423226,22,0,0
2024-01-22 23:00:00,1.848976416991638,23,0,0
2024-01-23 00:00:00,1.2748151051132266,0,1,0
2024-01-23 01:00:00,1.6732359839290423,1,1,0
2024-01-23 02:00:00,1.3823689529149616,2,1,0
2024-01-23 03:00:00,1.2559827369469074,3,1,0
2024-01-23 04:00:00,1.0660699156348414,4,1,0
2024-01-23 05:00:00,1.2582269978694922,5,1,0
2024-01-23 06:00:00,3.5398909022440628,6,1,0
2024-01-23 07:00:00,3.289963755518248,7,1,0
2024-01-23 08:00:00,3.3323234458185236,8,1,0
2024-01-23 09:00:00,3.613163562519356,9,1,0
2024-01-23 10:00:00,2.969657208770302,10,1,0
2024-01-23 11:00:00,2.4802749216781037,11,1,0
2024-01-23 12:00:00,2.065595829875127,12,1,0
2024-01-23 13:00:00,1.8403582130139755,13,1,0
2024-01-23 14:00:00,2.193630154860786,14,1,0
2024-01-23 15:00:00,2.712506934189806,15,1,0
2024-01-23 16:00:00,2.1159086803987317,16,1,0
2024-01-23 17:00:00,4.7617371984840435,17,1,0
2024-01-23 18:00:00,4.695060353387598,18,1,0
2024-01-23 19:00:00,4.470247240866185,19,1,0
2024-01-23 20:00:00,4.042342448722579,20,1,0
2024-01-23 21:00:00,4.2924275790356266,21,1,0
2024-01-23 22:00:00,1.127629182643101,22,1,0
2024-01-23 23:00:00,1.305616618954289,23,1,0
2024-01-24 00:00:00,0.8245381727428667,0,2,0
2024-01-24 01:00:00,1.6331293812219778,1,2,0
2024-01-24 02:00:00,1.3028176039133113,2,2,0
2024-01-24 03:00:00,1.3370259657461352,3,2,0
2024-01-24 04:00:00,1.392816827960263,4,2,0
2024-01-24 05:00:00,1.5987457590397294,5,2,0
2024-01-24 06:00:00,3.558956350910441,6,2,0
2024-01-24 07:00:00,3.7127011272765538,7,2,0
2024-01-24 08:00:00,3.297082309382219,8,2,0
2024-01-24 09:00:00,4.040282129873245,9,2,0
2024-01-24 10:00:00,2.538431324473237,10,2,0
2024-01-24 11:00:00,2.2956845027575357,11,2,0
2024-01-24 12:00:00,2.366144970035566,12,2,0
2024-01-24 13:00:00,1.9331377807163408,13,2,0
2024-01-24 14:00:00,2.364308104225277,14,2,0
2024-01-24 15:00:00,1.7728362020113129,15,2,0
2024-01-24 16:00:00,2.73574004759525,16,2,0
2024-01-24 17:00:00,4.62763726853549,17,2,0
2024-01-24 18:00:00,4.209907157061236,18,2,0
2024-01-24 19:00:00,4.485686593157406,19,2,0
2024-01-24 20:00:00,4.49891923827283,20,2,0
2024-01-24 21:00:00,4.152490593242237,21,2,0
2024-01-24 22:00:00,1.1337107478511008,22,2,0
2024-01-24 23:00:00,1.2080657516983593,23,2,0
2024-01-25 00:00:00,1.125846785243821,0,3,0
2024-01-25 01:00:00,0.9954047256006604,1,3,0
2024-01-25 02:00:00,0.8995139970315253,2,3,0
2024-01-25 03:00:00,1.1156699121342135,3,3,0
2024-01-25 04:00:00,1.028646303065161,4,3,0
2024-01-25 05:00:00,1.3717748344068474,5,3,0
2024-01-25 06:00:00,3.919806630975801,6,3,0
2024-01-25 07:00:00,3.7773901048738305,7,3,0
2024-01-25 08:00:00,3.517889110976052,8,3,0
2024-01-25 09:00:00,3.3059189666883277,9,3,0
2024-01-25 10:00:00,2.7685579660083195,10,3,0
2024-01-25 11:00:00,2.690551540504591,11,3,0
2024-01-25 12:00:00,2.895218219690298,12,3,0
2024-01-25 13:00:00,2.55927988140772,13,3,0
2024-01-25 14:00:00,3.020789140949575,14,3,0
2024-01-25 15:00:00,2.5593732350387945,15,3,0
2024-01-25 16:00:00,2.3045745989156656,16,3,0
2024-01-25 17:00:00,4.354834249783703,17,3,0
2024-01-25 18:00:00,4.65685064641065,18,3,0
2024-01-25 19:00:00,4.327889998818426,19,3,0
2024-01-25 20:00:00,5.018262951030214,20,3,0
2024-01-25 21:00:00,7.630897100902209,21,3,0
2024-01-25 22:00:00,1.21140104345046,22,3,0
2024-01-25 23:00:00,1.2360093980154783,23,3,0
2024-01-26 00:00:00,1.1227870387729963,0,4,0
2024-01-26 01:00:00,0.6994247778367232,1,4,0
2024-01-26 02:00:00,1.0550440613101877,2,4,0
2024-01-26 03:00:00,1.6721960289870097,3,4,0
2024-01-26 04:00:00,1.2673355455679916,4,4,0
2024-01-26 05:00:00,1.5141294907836462,5,4,0
2024-01-26 06:00:00,3.8236042500293888,6,4,0
2024-01-26 07:00:00,3.488447459149788,7,4,0
2024-01-26 08:00:00,3.695696863524026,8,4,0
2024-01-26 09:00:00,3.027082352904725,9,4,0
2024-01-26 10:00:00,2.9429621049177688,10,4,0
2024-01-26 11:00:00,2.9140274062442355,11,4,0
2024-01-26 12:00:00,2.6482090558848217,12,4,0
2024-01-26 13:00:00,2.5782021297471722,13,4,0
2024-01-26 14:00:00,2.4923337787025663,14,4,0
2024-01-26 15:00:00,2.8518187057778093,15,4,0
2024-01-26 16:00:00,2.7315096131945036,16,4,0
2024-01-26 17:00:00,3.645437213810977,17,4,0
2024-01-26 18:00:00,4.39126771757906,18,4,0
2024-01-26 19:00:00,4.164099031612157,19,4,0
2024-01-26 20:00:00,4.111595557283728,20,4,0
2024-01-26 21:00:00,4.848248036213556,21,4,0
2024-01-26 22:00:00,1.1859238263362448,22,4,0
2024-01-26 23:00:00,1.3431122481669364,23,4,0
2024-01-27 00:00:00,1.4630465673180766,0,5,1
2024-01-27 01:00:00,1.055102332743429,1,5,1
2024-01-27 02:00:00,0.9730254304020747,2,5,1
2024-01-27 03:00:00,1.3115654517102262,3,5,1
2024-01-27 04:00:00,1.3354043596776421,4,5,1
2024-01-27 05:00:00,1.3352226887044714,5,5,1
2024-01-27 06:00:00,4.1035094846347855,6,5,1
2024-01-27 07:00:00,4.823024395068252,7,5,1
2024-01-27 08:00:00,4.5090850362095525,8,5,1
2024-01-27 09:00:00,4.271636747707954,9,5,1
2024-01-27 10:00:00,2.978519622175781,10,5,1
2024-01-27 11:00:00,2.9888333290470475,11,5,1
2024-01-27 12:00:00,3.2197920231646737,12,5,1
2024-01-27 13:00:00,2.9757850259674252,13,5,1
2024-01-27 14:00:00,3.2748983024107443,14,5,1
2024-01-27 15:00:00,3.103946542769398,15,5,1
2024-01-27 16:00:00,3.626512411434218,16,5,1
2024-01-27 17:00:00,5.358123111553447,17,5,1
2024-01-27 18:00:00,5.7324548450212545,18,5,1
2024-01-27 19:00:00,5.0880282218623405,19,5,1
2024-01-27 20:00:00,5.212869311791258,20,5,1
2024-01-27 21:00:00,5.9742094061600355,21,5,1
2024-01-27 22:00:00,1.7010203192066262,22,5,1
2024-01-27 23:00:00,1.5887045663917814,23,5,1
2024-01-28 00:00:00,2.1610246755714826,0,6,1
2024-01-28 01:00:00,1.4227143608899244,1,6,1
2024-01-28 02:00:00,1.7716577798873951,2,6,1
2024-01-28 03:00:00,1.796109091668114,3,6,1
2024-01-28 04:00:00,1.9300294596903287,4,6,1
2024-01-28 05:00:00,1.0960963820943936,5,6,1
2024-01-28 06:00:00,4.1807584960221025,6,6,1
2024-01-28 07:00:00,4.298628723091045,7,6,1
2024-01-28 08:00:00,4.684113380717594,8,6,1
2024-01-28 09:00:00,4.336060290454194,9,6,1
2024-01-28 10:00:00,3.356841146677392,10,6,1
2024-01-28 11:00:00,2.6317176554589023,11,6,1
2024-01-28 12:00:00,2.9107309489920024,12,6,1
2024-01-28 13:00:00,3.4127120439934857,13,6,1
2024-01-28 14:00:00,2.948078452714839,14,6,1
2024-01-28 15:00:00,3.0046737142744404,15,6,1
2024-01-28 16:00:00,3.4783515189674916,16,6,1
2024-01-28 17:00:00,5.145911595504501,17,6,1
2024-01-28 18:00:00,5.208311475693149,18,6,1
2024-01-28 19:00:00,5.00307306197775,19,6,1
2024-01-28 20:00:00,5.89260454804091,20,6,1
2024-01-28 21:00:00,5.702945126802789,21,6,1
2024-01-28 22:00:00,1.7345296460974782,22,6,1
2024-01-28 23:00:00,1.3425505849474133,23,6,1
2024-01-29 00:00:00,0.7831282599709212,0,0,0
2024-01-29 01:00:00,0.7063803759129325,1,0,0
2024-01-29 02:00:00,1.6152818455531555,2,0,0
2024-01-29 03:00:00,1.3691727360157078,3,0,0
2024-01-29 04:00:00,1.4276785769360294,4,0,0
2024-01-29 05:00:00,1.2843574271908127,5,0,0
2024-01-29 06:00:00,3.273810623339997,6,0,0
2024-01-29 07:00:00,3.415797476939968,7,0,0
2024-01-29 08:00:00,3.2034226678547246,8,0,0
2024-01-29 09:00:00,3.1689232048352687,9,0,0
2024-01-29 10:00:00,2.7754949818006938,10,0,0
2024-01-29 11:00:00,2.028849818913047,11,0,0
2024-01-29 12:00:00,2.205253781938507,12,0,0
2024-01-29 13:00:00,2.4326100550008927,13,0,0
2024-01-29 14:00:00,2.531612651843788,14,0,0
2024-01-29 15:00:00,2.0997923515245387,15,0,0
2024-01-29 16:00:00,2.0221018799404993,16,0,0
2024-01-29 17:00:00,4.63214242138812,17,0,0
2024-01-29 18:00:00,4.567174240219399,18,0,0
2024-01-29 19:00:00,4.909242128992153,19,0,0
2024-01-29 20:00:00,4.536689250909685,20,0,0
2024-01-29 21:00:00,4.662989408710916,21,0,0
2024-01-29 22:00:00,0.9894024936579734,22,0,0
2024-01-29 23:00:00,1.0011297247347155,23,0,0
2024-01-30 00:00:00,0.8268410293826145,0,1,0
2024-01-30 01:00:00,0.9921284406612277,1,1,0
2024-01-30 02:00:00,1.1115150965123917,2,1,0
2024-01-30 03:00:00,1.57432262180212,3,1,0
2024-01-30 04:00:00,0.9493958840220728,4,1,0
2024-01-30 05:00:00,1.8435447383320165,5,1,0
2024-01-30 06:00:00,3.6901330642796295,6,1,0
2024-01-30 07:00:00,3.6241397292354494,7,1,0
2024-01-30 08:00:00,3.513143441593733,8,1,0
2024-01-30 09:00:00,3.4558993995114533,9,1,0
2024-01-30 10:00:00,2.33275246449765,10,1,0
2024-01-30 11:00:00,2.0890591061262764,11,1,0
2024-01-30 12:00:00,2.2588976296090806,12,1,0
2024-01-30 13:00:00,2.9917350416332202,13,1,0
2024-01-30 14:00:00,2.6706949237555824,14,1,0
2024-01-30 15:00:00,2.9885189869385616,15,1,0
2024-01-30 16:00:00,2.325495725815407,16,1,0
2024-01-30 17:00:00,4.19557298079214,17,1,0
2024-01-30 18:00:00,4.510225040477768,18,1,0
2024-01-30 19:00:00,4.269008030682407,19,1,0
2024-01-30 20:00:00,4.570135773537224,20,1,0
2024-01-30 21:00:00,4.033231306138912,21,1,0
2024-01-30 22:00:00,0.6018793072285633,22,1,0
2024-01-30 23:00:00,1.3122169709542715,23,1,0
2024-01-31 00:00:00,1.701771716051311,0,2,0
2024-01-31 01:00:00,1.3257057028098136,1,2,0
2024-01-31 02:00:00,1.3674980737565168,2,2,0
2024-01-31 03:00:00,1.2228016174237235,3,2,0
2024-01-31 04:00:00,1.2508082472108233,4,2,0
2024-01-31 05:00:00,0.7758856509285059,5,2,0
2024-01-31 06:00:00,3.27934101722307,6,2,0
2024-01-31 07:00:00,3.8708279525631313,7,2,0
2024-01-31 08:00:00,6.172306170598226,8,2,0
2024-01-31 09:00:00,3.4050774650915594,9,2,0
2024-01-31 10:00:00,2.863929309993755,10,2,0
2024-01-31 11:00:00,2.5425150740919715,11,2,0
2024-01-31 12:00:00,2.5576147349470095,12,2,0
2024-01-31 13:00:00,2.4072650607392494,13,2,0
2024-01-31 14:00:00,2.7124326030065773,14,2,0
2024-01-31 15:00:00,2.7870106950383753,15,2,0
2024-01-31 16:00:00,2.264203161847615,16,2,0
2024-01-31 17:00:00,4.100630113932667,17,2,0
2024-01-31 18:00:00,3.949138388069011,18,2,0
2024-01-31 19:00:00,4.652397398073763,19,2,0
2024-01-31 20:00:00,4.616573581359289,20,2,0
2024-01-31 21:00:00,5.2478998552298375,21,2,0
2024-01-31 22:00:00,1.2245488075642694,22,2,0
2024-01-31 23:00:00,1.1703331040426572,23,2,0
2024-02-01 00:00:00,1.2802176942215708,0,3,0
2024-02-01 01:00:00,1.296509341858804,1,3,0
2024-02-01 02:00:00,1.1475120729913773,2,3,0
2024-02-01 03:00:00,0.9732764521521465,3,3,0
2024-02-01 04:00:00,1.2084543472107385,4,3,0
2024-02-01 05:00:00,1.197264301006739,5,3,0
2024-02-01 06:00:00,3.492491912376457,6,3,0
2024-02-01 07:00:00,3.745329889760086,7,3,0
2024-02-01 08:00:00,3.5031057859530144,8,3,0
2024-02-01 09:00:00,3.106449130294952,9,3,0
2024-02-01 10:00:00,2.317146339352215,10,3,0
2024-02-01 11:00:00,2.443908609104366,11,3,0
2024-02-01 12:00:00,2.5169949774691323,12,3,0
2024-02-01 13:00:00,2.6589078263070194,13,3,0
2024-02-01 14:00:00,2.519342324443036,14,3,0
2024-02-01 15:00:00,1.9073600300938387,15,3,0
2024-02-01 16:00:00,2.1370915771476677,16,3,0
2024-02-01 17:00:00,4.679978618998861,17,3,0
2024-02-01 18:00:00,4.435967138720938,18,3,0
2024-02-01 19:00:00,7.947217841054986,19,3,0
2024-02-01 20:00:00,4.544600237160633,20,3,0
2024-02-01 21:00:00,4.398874208664588,21,3,0
2024-02-01 22:00:00,1.015979200937718,22,3,0
2024-02-01 23:00:00,1.1092590940535614,23,3,0
2024-02-02 00:00:00,1.2481721943149593,0,4,0
2024-02-02 01:00:00,1.2009138060460243,1,4,0
2024-02-02 02:00:00,1.4848662406323971,2,4,0
2024-02-02 03:00:00,0.7545306094650289,3,4,0
2024-02-02 04:00:00,0.7899363904753736,4,4,0
2024-02-02 05:00:00,1.1325703794321949,5,4,0
2024-02-02 06:00:00,3.6624388184614363,6,4,0
2024-02-02 07:00:00,3.727746548090794,7,4,0
2024-02-02 08:00:00,3.3270468797819843,8,4,0
2024-02-02 09:00:00,2.722687312356527,9,4,0
2024-02-02 10:00:00,2.3361266655242554,10,4,0
2024-02-02 11:00:00,2.6175412016207638,11,4,0
2024-02-02 12:00:00,2.4954070452481014,12,4,0
2024-02-02 13:00:00,2.6737874498803267,13,4,0
2024-02-02 14:00:00,2.8589714504993475,14,4,0
2024-02-02 15:00:00,2.452441128091909,15,4,0
2024-02-02 16:00:00,2.367015324642547,16,4,0
2024-02-02 17:00:00,4.234559185791929,17,4,0
2024-02-02 18:00:00,4.088429657120593,18,4,0
2024-02-02 19:00:00,4.015931580636978,19,4,0
2024-02-02 20:00:00,4.299278178402025,20,4,0
2024-02-02 21:00:00,4.811971406218823,21,4,0
2024-02-02 22:00:00,1.4033777614017806,22,4,0
2024-02-02 23:00:00,1.0536265775562892,23,4,0
2024-02-03 00:00:00,2.087192463979651,0,5,1
2024-02-03 01:00:00,1.2582855230989984,1,5,1
2024-02-03 02:00:00,1.8305223868196394,2,5,1
2024-02-03 03:00:00,1.9084533590180557,3,5,1
2024-02-03 04:00:00,1.5779916428817349,4,5,1
2024-02-03 05:00:00,1.236685389074368,5,5,1
2024-02-03 06:00:00,4.090403534606367,6,5,1
2024-02-03 07:00:00,4.255404091759472,7,5,1
2024-02-03 08:00:00,3.7958621131410912,8,5,1
2024-02-03 09:00:00,3.9085157884468047,9,5,1
2024-02-03 10:00:00,2.6859267051954183,10,5,1
2024-02-03 11:00:00,3.160995825758186,11,5,1
2024-02-03 12:00:00,3.355711246398899,12,5,1
2024-02-03 13:00:00,3.21568599319952,13,5,1
2024-02-03 14:00:00,3.298814305741745,14,5,1
2024-02-03 15:00:00,2.7729614734291617,15,5,1
2024-02-03 16:00:00,2.9031960483473593,16,5,1
2024-02-03 17:00:00,5.324750095063485,17,5,1
2024-02-03 18:00:00,5.536766331624482,18,5,1
2024-02-03 19:00:00,6.049500703470325,19,5,1
2024-02-03 20:00:00,5.2069445308859565,20,5,1
2024-02-03 21:00:00,5.678352038424371,21,5,1
2024-02-03 22:00:00,1.8985405279237595,22,5,1
2024-02-03 23:00:00,1.592350726886887,23,5,1
2024-02-04 00:00:00,1.3305141811371344,0,6,1
2024-02-04 01:00:00,1.188237099798298,1,6,1
2024-02-04 02:00:00,1.12655724179369,2,6,1
2024-02-04 03:00:00,0.8500930231871995,3,6,1
2024-02-04 04:00:00,1.3736239129242684,4,6,1
2024-02-04 05:00:00,1.3569560100333238,5,6,1
2024-02-04 06:00:00,4.458142046507923,6,6,1
2024-02-04 07:00:00,4.025076768429319,7,6,1
2024-02-04 08:00:00,4.149863485864077,8,6,1
2024-02-04 09:00:00,4.28477398514649,9,6,1
2024-02-04 10:00:00,3.1472924854914752,10,6,1
2024-02-04 11:00:00,3.2204633358149453,11,6,1
2024-02-04 12:00:00,3.054306467611112,12,6,1
2024-02-04 13:00:00,2.610950415613246,13,6,1
2024-02-04 14:00:00,3.1199063855257925,14,6,1
2024-02-04 15:00:00,2.804592931862451,15,6,1
2024-02-04 16:00:00,3.3714849214300906,16,6,1
2024-02-04 17:00:00,5.406381473020818,17,6,1
2024-02-04 18:00:00,5.47222595384657,18,6,1
2024-02-04 19:00:00,6.180504934254118,19,6,1
2024-02-04 20:00:00,5.626002486331359,20,6,1
2024-02-04 21:00:00,5.5143475154648325,21,6,1
2024-02-04 22:00:00,1.3984632048048677,22,6,1
2024-02-04 23:00:00,1.0727105291131902,23,6,1
2024-02-05 00:00:00,1.1372930228141924,0,0,0
2024-02-05 01:00:00,0.9448438637372099,1,0,0
2024-02-05 02:00:00,1.7009713513054217,2,0,0
2024-02-05 03:00:00,1.3184014589468942,3,0,0
2024-02-05 04:00:00,1.5589894459936953,4,0,0
2024-02-05 05:00:00,1.0170651287041852,5,0,0
2024-02-05 06:00:00,3.264530506075328,6,0,0
2024-02-05 07:00:00,3.6944841301531577,7,0,0
2024-02-05 08:00:00,3.23375234665937,8,0,0
2024-02-05 09:00:00,3.368762509902977,9,0,0
2024-02-05 10:00:00,3.0180891553700215,10,0,0
2024-02-05 11:00:00,2.3801091443156195,11,0,0
2024-02-05 12:00:00,2.0744902801200906,12,0,0
2024-02-05 13:00:00,1.9717573564057673,13,0,0
2024-02-05 14:00:00,2.0423031056289718,14,0,0
2024-02-05 15:00:00,2.8787752310281545,15,0,0
2024-02-05 16:00:00,2.334442556232266,16,0,0
2024-02-05 17:00:00,5.267459785700476,17,0,0
2024-02-05 18:00:00,4.962632985770362,18,0,0
2024-02-05 19:00:00,5.101827866447737,19,0,0
2024-02-05 20:00:00,4.807218757743438,20,0,0
2024-02-05 21:00:00,4.677758084760355,21,0,0
2024-02-05 22:00:00,0.9545403349733078,22,0,0
2024-02-05 23:00:00,1.1989876627767144,23,0,0
2024-02-06 00:00:00,1.4089162342370145,0,1,0
2024-02-06 01:00:00,1.4865915625711532,1,1,0
2024-02-06 02:00:00,0.8574932657599484,2,1,0
2024-02-06 03:00:00,1.1419021622160845,3,1,0
2024-02-06 04:00:00,1.1751957942471902,4,1,0
2024-02-06 05:00:00,1.1634757474850148,5,1,0
2024-02-06 06:00:00,3.1927439527012385,6,1,0
2024-02-06 07:00:00,4.056227769900256,7,1,0
2024-02-06 08:00:00,3.4320547703450504,8,1,0
2024-02-06 09:00:00,3.2121682289829563,9,1,0
2024-02-06 10:00:00,3.065375891780383,10,1,0
2024-02-06 11:00:00,2.9629730584816567,11,1,0
2024-02-06 12:00:00,2.5422658740733612,12,1,0
2024-02-06 13:00:00,1.9694681903311446,13,1,0
2024-02-06 14:00:00,2.3601890494395272,14,1,0
2024-02-06 15:00:00,2.0215890798199614,15,1,0
2024-02-06 16:00:00,2.654080031970915,16,1,0
2024-02-06 17:00:00,4.340189748101427,17,1,0
2024-02-06 18:00:00,4.49174552848481,18,1,0
2024-02-06 19:00:00,5.031675479000923,19,1,0
2024-02-06 20:00:00,4.319336381891466,20,1,0
2024-02-06 21:00:00,4.640632276822507,21,1,0
2024-02-06 22:00:00,1.429824083515407,22,1,0
2024-02-06 23:00:00,1.5680799671652923,23,1,0
2024-02-07 00:00:00,1.1699537770560142,0,2,0
2024-02-07 01:00:00,1.13889787494691,1,2,0
2024-02-07 02:00:00,1.1320563324295418,2,2,0
2024-02-07 03:00:00,1.3102096520448534,3,2,0
2024-02-07 04:00:00,1.6478065706878564,4,2,0
2024-02-07 05:00:00,1.1186629196872293,5,2,0
2024-02-07 06:00:00,2.7727279219181176,6,2,0
2024-02-07 07:00:00,3.765213618908315,7,2,0
2024-02-07 08:00:00,3.5200972151674614,8,2,0
2024-02-07 09:00:00,3.65478176531123,9,2,0
2024-02-07 10:00:00,2.031236242934037,10,2,0
2024-02-07 11:00:00,2.3412841967961118,11,2,0
2024-02-07 12:00:00,2.738279403886548,12,2,0
2024-02-07 13:00:00,2.123713173049225,13,2,0
2024-02-07 14:00:00,2.6399289947300577,14,2,0
2024-02-07 15:00:00,2.489307555310755,15,2,0
2024-02-07 16:00:00,2.279622526960585,16,2,0
2024-02-07 17:00:00,4.256924268895686,17,2,0
2024-02-07 18:00:00,4.195253454306481,18,2,0
2024-02-07 19:00:00,4.518503954954391,19,2,0
2024-02-07 20:00:00,4.552932466583168,20,2,0
2024-02-07 21:00:00,4.389891648275003,21,2,0
2024-02-07 22:00:00,0.878358296404318,22,2,0
2024-02-07 23:00:00,0.32359485495161777,23,2,0
2024-02-08 00:00:00,1.3309679412473003,0,3,0
2024-02-08 01:00:00,1.4711804523258585,1,3,0
2024-02-08 02:00:00,1.3857462783015593,2,3,0
2024-02-08 03:00:00,1.8172486409135096,3,3,0
2024-02-08 04:00:00,1.145131067668548,4,3,0
2024-02-08 05:00:00,1.6124629257444554,5,3,0
2024-02-08 06:00:00,3.3062107462626393,6,3,0
2024-02-08 07:00:00,3.260242398004924,7,3,0
2024-02-08 08:00:00,3.5368010947984385,8,3,0
2024-02-08 09:00:00,3.9874035375408683,9,3,0
2024-02-08 10:00:00,2.412456619325337,10,3,0
2024-02-08 11:00:00,2.031042757391003,11,3,0
2024-02-08 12:00:00,2.7649329331441477,12,3,0
2024-02-08 13:00:00,2.4766488408961593,13,3,0
2024-02-08 14:00:00,2.5896258725097057,14,3,0
2024-02-08 15:00:00,2.2744626849714447,15,3,0
2024-02-08 16:00:00,2.5339811231613294,16,3,0
2024-02-08 17:00:00,4.06851660650479,17,3,0
2024-02-08 18:00:00,5.061989332865264,18,3,0
2024-02-08 19:00:00,4.824014419714395,19,3,0
2024-02-08 20:00:00,4.520356653158221,20,3,0
2024-02-08 21:00:00,4.755832102536666,21,3,0
2024-02-08 22:00:00,1.0069350503047614,22,3,0
2024-02-08 23:00:00,1.5089882452743484,23,3,0
2024-02-09 00:00:00,1.0995674003680378,0,4,0
2024-02-09 01:00:00,1.078905461027401,1,4,0
2024-02-09 02:00:00,0.913463226195194,2,4,0
2024-02-09 03:00:00,1.3270797196780382,3,4,0
2024-02-09 04:00:00,1.2072658370018274,4,4,0
2024-02-09 05:00:00,1.6236661666246288,5,4,0
2024-02-09 06:00:00,3.181281941555936,6,4,0
2024-02-09 07:00:00,3.6284921291622947,7,4,0
2024-02-09 08:00:00,3.8562158154694255,8,4,0
2024-02-09 09:00:00,4.276869092605584,9,4,0
2024-02-09 10:00:00,2.558315290473201,10,4,0
2024-02-09 11:00:00,2.3940501121567936,11,4,0
2024-02-09 12:00:00,2.5505382928808844,12,4,0
2024-02-09 13:00:00,2.895279260682388,13,4,0
2024-02-09 14:00:00,2.8951345202019594,14,4,0
2024-02-09 15:00:00,2.4645794419026763,15,4,0
2024-02-09 16:00:00,2.8890983639683325,16,4,0
2024-02-09 17:00:00,4.493139581310335,17,4,0
2024-02-09 18:00:00,4.752186007951366,18,4,0
2024-02-09 19:00:00,4.664020070460413,19,4,0
2024-02-09 20:00:00,4.382472555286854,20,4,0
2024-02-09 21:00:00,4.223276944650449,21,4,0
2024-02-09 22:00:00,1.565147556247649,22,4,0
2024-02-09 23:00:00,1.6563948155767354,23,4,0
2024-02-10 00:00:00,1.5611190271009827,0,5,1
2024-02-10 01:00:00,1.432741318082725,1,5,1
2024-02-10 02:00:00,1.0862880626520592,2,5,1
2024-02-10 03:00:00,1.796303816538469,3,5,1
2024-02-10 04:00:00,1.5249863614638426,4,5,1
2024-02-10 05:00:00,1.3623285078887768,5,5,1
2024-02-10 06:00:00,4.461389189237173,6,5,1
2024-02-10 07:00:00,3.796206095925976,7,5,1
2024-02-10 08:00:00,3.899900602618328,8,5,1
2024-02-10 09:00:00,3.996676508842545,9,5,1
2024-02-10 10:00:00,3.1541723548976743,10,5,1
2024-02-10 11:00:00,3.053874534581879,11,5,1
2024-02-10 12:00:00,3.190416440568531,12,5,1
2024-02-10 13:00:00,3.332909952586867,13,5,1
2024-02-10 14:00:00,3.201772110360819,14,5,1
2024-02-10 15:00:00,3.5699645804685645,15,5,1
2024-02-10 16:00:00,3.332124200786092,16,5,1
2024-02-10 17:00:00,5.36388565081392,17,5,1
2024-02-10 18:00:00,5.239401544213822,18,5,1
2024-02-10 19:00:00,5.372840015308752,19,5,1
2024-02-10 20:00:00,5.612835545141711,20,5,1
2024-02-10 21:00:00,5.269354088829046,21,5,1
2024-02-10 22:00:00,1.661643144266251,22,5,1
2024-02-10 23:00:00,1.624610245203916,23,5,1
2024-02-11 00:00:00,1.1593683893866213,0,6,1
2024-02-11 01:00:00,1.7657946348525095,1,6,1
2024-02-11 02:00:00,1.550186194020402,2,6,1
2024-02-11 03:00:00,1.9914551030385366,3,6,1
2024-02-11 04:00:00,1.4341741182336802,4,6,1
2024-02-11 05:00:00,1.3490460651497174,5,6,1
2024-02-11 06:00:00,3.883895274256094,6,6,1
2024-02-11 07:00:00,3.8796591235262423,7,6,1
2024-02-11 08:00:00,4.485092277592073,8,6,1
2024-02-11 09:00:00,4.713184011774578,9,6,1
2024-02-11 10:00:00,2.9686652344387587,10,6,1
2024-02-11 11:00:00,2.9493534830429966,11,6,1
2024-02-11 12:00:00,3.0210156489339544,12,6,1
2024-02-11 13:00:00,3.3485634907824573,13,6,1
2024-02-11 14:00:00,2.7217940597428276,14,6,1
2024-02-11 15:00:00,3.0715106948204354,15,6,1
2024-02-11 16:00:00,3.292559288934729,16,6,1
2024-02-11 17:00:00,5.550328250981953,17,6,1
2024-02-11 18:00:00,4.5890303121002285,18,6,1
2024-02-11 19:00:00,5.603362595859272,19,6,1
2024-02-11 20:00:00,5.553360779857494,20,6,1
2024-02-11 21:00:00,5.812097563548887,21,6,1
2024-02-11 22:00:00,1.9236834773965936,22,6,1
2024-02-11 23:00:00,1.834474336075214,23,6,1
2024-02-12 00:00:00,1.2226300916704778,0,0,0
2024-02-12 01:00:00,0.7194102564308494,1,0,0
2024-02-12 02:00:00,1.851282815249344,2,0,0
2024-02-12 03:00:00,1.147234256270299,3,0,0
2024-02-12 04:00:00,1.213080733911736,4,0,0
2024-02-12 05:00:00,1.7085153121292258,5,0,0
2024-02-12 06:00:00,3.2772588242905853,6,0,0
2024-02-12 07:00:00,3.103993246633788,7,0,0
2024-02-12 08:00:00,3.371209332644822,8,0,0
2024-02-12 09:00:00,3.292273706037843,9,0,0
2024-02-12 10:00:00,2.0781047608984498,10,0,0
2024-02-12 11:00:00,2.4750683282113917,11,0,0
2024-02-12 12:00:00,2.524731925880351,12,0,0
2024-02-12 13:00:00,2.062734550160521,13,0,0
2024-02-12 14:00:00,2.407237276885041,14,0,0
2024-02-12 15:00:00,2.274353078322825,15,0,0
2024-02-12 16:00:00,1.9374482591062767,16,0,0
2024-02-12 17:00:00,4.534507823744225,17,0,0
2024-02-12 18:00:00,4.563958988471307,18,0,0
2024-02-12 19:00:00,4.274409200478354,19,0,0
2024-02-12 20:00:00,4.822802141579579,20,0,0
2024-02-12 21:00:00,4.506393494601583,21,0,0
2024-02-12 22:00:00,0.9874779699268611,22,0,0
2024-02-12 23:00:00,0.7458856822161518,23,0,0
2024-02-13 00:00:00,1.280137995303445,0,1,0
2024-02-13 01:00:00,1.35261750696898,1,1,0
2024-02-13 02:00:00,1.0550816844949682,2,1,0
2024-02-13 03:00:00,1.2440379035956648,3,1,0
2024-02-13 04:00:00,1.6836661884766273,4,1,0
2024-02-13 05:00:00,1.4690517947596595,5,1,0
2024-02-13 06:00:00,2.8544553796012084,6,1,0
2024-02-13 07:00:00,3.284254004227274,7,1,0
2024-02-13 08:00:00,3.4606229098723085,8,1,0
2024-02-13 09:00:00,3.5230555648876303,9,1,0
2024-02-13 10:00:00,2.550596401590018,10,1,0
2024-02-13 11:00:00,2.632582194870823,11,1,0
2024-02-13 12:00:00,2.4704235603147215,12,1,0
2024-02-13 13:00:00,2.5056548868834545,13,1,0
2024-02-13 14:00:00,2.7859409901739736,14,1,0
2024-02-13 15:00:00,2.5861372495605472,15,1,0
2024-02-13 16:00:00,2.1568821378038017,16,1,0
2024-02-13 17:00:00,4.532567911732957,17,1,0
2024-02-13 18:00:00,4.461438746568321,18,1,0
2024-02-13 19:00:00,3.935445286350708,19,1,0
2024-02-13 20:00:00,4.54795691759922,20,1,0
2024-02-13 21:00:00,4.191697457722213,21,1,0
2024-02-13 22:00:00,1.490837160158021,22,1,0
2024-02-13 23:00:00,1.3281583085615054,23,1,0
2024-02-14 00:00:00,0.8419089504730559,0,2,0
2024-02-14 01:00:00,1.4757462520830005,1,2,0
2024-02-14 02:00:00,1.6177395900192986,2,2,0
2024-02-14 03:00:00,1.124986045620314,3,2,0
2024-02-14 04:00:00,1.1597073775588356,4,2,0
2024-02-14 05:00:00,1.4432424819479346,5,2,0
2024-02-14 06:00:00,3.8913020728634455,6,2,0
2024-02-14 07:00:00,3.0012524035892976,7,2,0
2024-02-14 08:00:00,3.1727100709354406,8,2,0
2024-02-14 09:00:00,3.3767557136136244,9,2,0
2024-02-14 10:00:00,2.4075897147442777,10,2,0
2024-02-14 11:00:00,2.733898159680802,11,2,0
2024-02-14 12:00:00,2.8930926238358827,12,2,0
2024-02-14 13:00:00,2.918705143236987,13,2,0
2024-02-14 14:00:00,1.994968542333715,14,2,0
2024-02-14 15:00:00,2.2582389800511433,15,2,0
2024-02-14 16:00:00,2.1296953384360235,16,2,0
2024-02-14 17:00:00,4.322260722254132,17,2,0
2024-02-14 18:00:00,4.257118944023506,18,2,0
2024-02-14 19:00:00,4.627218313339227,19,2,0
2024-02-14 20:00:00,4.6638852744011094,20,2,0
2024-02-14 21:00:00,4.501926680943281,21,2,0
2024-02-14 22:00:00,1.1734911122383993,22,2,0
2024-02-14 23:00:00,1.0889966910353617,23,2,0
2024-02-15 00:00:00,1.1223611811998693,0,3,0
2024-02-15 01:00:00,1.679594151151415,1,3,0
2024-02-15 02:00:00,1.4090863213532208,2,3,0
2024-02-15 03:00:00,1.099854153073197,3,3,0
2024-02-15 04:00:00,1.1678093567987313,4,3,0
2024-02-15 05:00:00,1.3343150777430832,5,3,0
2024-02-15 06:00:00,3.1418224980802836,6,3,0
2024-02-15 07:00:00,3.542882928429112,7,3,0
2024-02-15 08:00:00,3.691415330432227,8,3,0
2024-02-15 09:00:00,3.650253342483337,9,3,0
2024-02-15 10:00:00,2.2636648744275285,10,3,0
2024-02-15 11:00:00,2.313745720524665,11,3,0
2024-02-15 12:00:00,1.9062100568872637,12,3,0
2024-02-15 13:00:00,2.7243730768352603,13,3,0
2024-02-15 14:00:00,3.122224800924992,14,3,0
2024-02-15 15:00:00,2.224184622524073,15,3,0
2024-02-15 16:00:00,2.830287890499571,16,3,0
2024-02-15 17:00:00,5.087504236266178,17,3,0
2024-02-15 18:00:00,4.360406862965984,18,3,0
2024-02-15 19:00:00,4.468215493708759,19,3,0
2024-02-15 20:00:00,4.576121898448372,20,3,0
2024-02-15 21:00:00,4.64030795152963,21,3,0
2024-02-15 22:00:00,1.2924151618512307,22,3,0
2024-02-15 23:00:00,1.0825054297734626,23,3,0
2024-02-16 00:00:00,1.3864715669568153,0,4,0
2024-02-16 01:00:00,1.0891168991869098,1,4,0
2024-02-16 02:00:00,1.3131301181706558,2,4,0
2024-02-16 03:00:00,1.1912211558945065,3,4,0
2024-02-16 04:00:00,0.6680902595379355,4,4,0
2024-02-16 05:00:00,1.5785764502141975,5,4,0
2024-02-16 06:00:00,3.3213016117869523,6,4,0
2024-02-16 07:00:00,3.912331427951245,7,4,0
2024-02-16 08:00:00,3.8168170427198156,8,4,0
2024-02-16 09:00:00,3.566971674238748,9,4,0
2024-02-16 10:00:00,2.6563367285138013,10,4,0
2024-02-16 11:00:00,2.693564675785017,11,4,0
2024-02-16 12:00:00,2.4407984739078024,12,4,0
2024-02-16 13:00:00,2.4546180149039465,13,4,0
2024-02-16 14:00:00,2.6780670166842584,14,4,0
2024-02-16 15:00:00,1.617883409600716,15,4,0
2024-02-16 16:00:00,2.494387373066231,16,4,0
2024-02-16 17:00:00,4.383444464073334,17,4,0
2024-02-16 18:00:00,4.268136699652917,18,4,0
2024-02-16 19:00:00,4.62211568613736,19,4,0
2024-02-16 20:00:00,4.31198483262301,20,4,0
2024-02-16 21:00:00,4.758718041714827,21,4,0
2024-02-16 22:00:00,1.4859375136128259,22,4,0
2024-02-16 23:00:00,1.3539256260291879,23,4,0
2024-02-17 00:00:00,1.657528736054399,0,5,1
2024-02-17 01:00:00,1.5948534861344874,1,5,1
2024-02-17 02:00:00,1.6801228575683047,2,5,1
2024-02-17 03:00:00,1.6662873989440723,3,5,1
2024-02-17 04:00:00,1.5454344622624747,4,5,1
2024-02-17 05:00:00,1.7610450714949282,5,5,1
2024-02-17 06:00:00,4.151079910816871,6,5,1
2024-02-17 07:00:00,3.9765292065580655,7,5,1
2024-02-17 08:00:00,3.9622740237000116,8,5,1
2024-02-17 09:00:00,4.107611541108288,9,5,1
2024-02-17 10:00:00,2.4319155999138644,10,5,1
2024-02-17 11:00:00,3.0639881122118817,11,5,1
2024-02-17 12:00:00,3.1977737005297215,12,5,1
2024-02-17 13:00:00,3.2812710412879675,13,5,1
2024-02-17 14:00:00,2.5177320406893076,14,5,1
2024-02-17 15:00:00,2.7711825664301357,15,5,1
2024-02-17 16:00:00,3.2488424525795248,16,5,1
2024-02-17 17:00:00,5.341852158368159,17,5,1
2024-02-17 18:00:00,5.590625409062767,18,5,1
2024-02-17 19:00:00,5.028222481543958,19,5,1
2024-02-17 20:00:00,5.808197578751595,20,5,1
2024-02-17 21:00:00,5.007353880264266,21,5,1
2024-02-17 22:00:00,0.5341463532537524,22,5,1
2024-02-17 23:00:00,1.4951548634261085,23,5,1
2024-02-18 00:00:00,1.5028978245823876,0,6,1
2024-02-18 01:00:00,1.2925091443103858,1,6,1
2024-02-18 02:00:00,1.5829073308068657,2,6,1
2024-02-18 03:00:00,1.591641047749988,3,6,1
2024-02-18 04:00:00,1.55772479015363,4,6,1
2024-02-18 05:00:00,1.2873109122877504,5,6,1
2024-02-18 06:00:00,3.9915860606732827,6,6,1
2024-02-18 07:00:00,4.077215268566069,7,6,1
2024-02-18 08:00:00,3.95327402028534,8,6,1
2024-02-18 09:00:00,4.5363092001973415,9,6,1
2024-02-18 10:00:00,2.9016315850461245,10,6,1
2024-02-18 11:00:00,3.046557205157694,11,6,1
2024-02-18 12:00:00,3.2475294794002902,12,6,1
2024-02-18 13:00:00,2.73986093528673,13,6,1
2024-02-18 14:00:00,2.5962387229580357,14,6,1
2024-02-18 15:00:00,2.7542226420835507,15,6,1
2024-02-18 16:00:00,3.0787683987005776,16,6,1
2024-02-18 17:00:00,5.458076973410263,17,6,1
2024-02-18 18:00:00,5.5171394549786665,18,6,1
2024-02-18 19:00:00,5.369033474120251,19,6,1
2024-02-18 20:00:00,4.668354852517071,20,6,1
2024-02-18 21:00:00,5.359716251344108,21,6,1
2024-02-18 22:00:00,1.7296192453773511,22,6,1
2024-02-18 23:00:00,1.8108392165418654,23,6,1
2024-02-19 00:00:00,1.2265972772884313,0,0,0
2024-02-19 01:00:00,1.2591947122216787,1,0,0
2024-02-19 02:00:00,1.3847313449313425,2,0,0
2024-02-19 03:00:00,1.5611653311506448,3,0,0
2024-02-19 04:00:00,1.2001583876569792,4,0,0
2024-02-19 05:00:00,1.3803620246787345,5,0,0
2024-02-19 06:00:00,3.334838945152525,6,0,0
2024-02-19 07:00:00,3.1337862722257523,7,0,0
2024-02-19 08:00:00,3.364025477293096,8,0,0
2024-02-19 09:00:00,3.9357402603412237,9,0,0
2024-02-19 10:00:00,2.6866621432130207,10,0,0
2024-02-19 11:00:00,2.158350064665769,11,0,0
2024-02-19 12:00:00,2.701144185172364,12,0,0
2024-02-19 13:00:00,2.1784428300879535,13,0,0
2024-02-19 14:00:00,2.612922857829255,14,0,0
2024-02-19 15:00:00,2.229384533692747,15,0,0
2024-02-19 16:00:00,2.1431764321398017,16,0,0
2024-02-19 17:00:00,4.992801885976789,17,0,0
2024-02-19 18:00:00,4.401414457275305,18,0,0
2024-02-19 19:00:00,4.680956229324703,19,0,0
2024-02-19 20:00:00,4.5122757526187165,20,0,0
2024-02-19 21:00:00,4.199343763265558,21,0,0
2024-02-19 22:00:00,1.1314200253979945,22,0,0
2024-02-19 23:00:00,0.9016951876174463,23,0,0
2024-02-20 00:00:00,1.9237846264838747,0,1,0
2024-02-20 01:00:00,1.435381286369407,1,1,0
2024-02-20 02:00:00,1.2067397678436138,2,1,0
2024-02-20 03:00:00,1.3641357345525629,3,1,0
2024-02-20 04:00:00,1.4146143946323733,4,1,0
2024-02-20 05:00:00,1.4154557177123803,5,1,0
2024-02-20 06:00:00,3.701858370790046,6,1,0
2024-02-20 07:00:00,3.677544240122413,7,1,0
2024-02-20 08:00:00,3.530556888578596,8,1,0
2024-02-20 09:00:00,3.964706045448556,9,1,0
2024-02-20 10:00:00,2.549428252370955,10,1,0
2024-02-20 11:00:00,2.5152663105568056,11,1,0
2024-02-20 12:00:00,2.5520024993111226,12,1,0
2024-02-20 13:00:00,2.57318595937255,13,1,0
2024-02-20 14:00:00,2.0197288064570453,14,1,0
2024-02-20 15:00:00,2.2514508925659262,15,1,0
2024-02-20 16:00:00,2.4690235719552858,16,1,0
2024-02-20 17:00:00,4.0070433566537496,17,1,0
2024-02-20 18:00:00,4.506265946488789,18,1,0
2024-02-20 19:00:00,4.569210271715605,19,1,0
2024-02-20 20:00:00,4.1219505704482255,20,1,0
2024-02-20 21:00:00,4.315091577588157,21,1,0
2024-02-20 22:00:00,1.5844931385011305,22,1,0
2024-02-20 23:00:00,1.3673073182175373,23,1,0
2024-02-21 00:00:00,1.3494665245490354,0,2,0
2024-02-21 01:00:00,1.5420447115563798,1,2,0
2024-02-21 02:00:00,0.9567427466368985,2,2,0
2024-02-21 03:00:00,0.8227266423256151,3,2,0
2024-02-21 04:00:00,1.4962003549767304,4,2,0
2024-02-21 05:00:00,1.1772146929072431,5,2,0
2024-02-21 06:00:00,3.249457129510993,6,2,0
2024-02-21 07:00:00,4.126861616508432,7,2,0
2024-02-21 08:00:00,3.0177016918645823,8,2,0
2024-02-21 09:00:00,3.5554221736687173,9,2,0
2024-02-21 10:00:00,2.4429882894995516,10,2,0
2024-02-21 11:00:00,2.392766373156872,11,2,0
2024-02-21 12:00:00,1.836441426601148,12,2,0
2024-02-21 13:00:00,2.9600301103888977,13,2,0
2024-02-21 14:00:00,2.0728128542649564,14,2,0
2024-02-21 15:00:00,2.4200043012296755,15,2,0
2024-02-21 16:00:00,2.3712266739104013,16,2,0
2024-02-21 17:00:00,4.676565980931216,17,2,0
2024-02-21 18:00:00,4.020562694434876,18,2,0
2024-02-21 19:00:00,4.638651799824583,19,2,0
2024-02-21 20:00:00,4.556911850283119,20,2,0
2024-02-21 21:00:00,4.301405346661017,21,2,0
2024-02-21 22:00:00,1.3277661618579106,22,2,0
2024-02-21 23:00:00,1.2057443332247255,23,2,0
2024-02-22 00:00:00,1.741304432936023,0,3,0
2024-02-22 01:00:00,1.1427288624818104,1,3,0
2024-02-22 02:00:00,0.9130690869545973,2,3,0
2024-02-22 03:00:00,1.3417218833641131,3,3,0
2024-02-22 04:00:00,1.1060825908430536,4,3,0
2024-02-22 05:00:00,1.1997874216270061,5,3,0
2024-02-22 06:00:00,3.1248776798090847,6,3,0
2024-02-22 07:00:00,3.6813545979066102,7,3,0
2024-02-22 08:00:00,3.3589873556721495,8,3,0
2024-02-22 09:00:00,3.5797634688956146,9,3,0
2024-02-22 10:00:00,3.1299165367499544,10,3,0
2024-02-22 11:00:00,2.425892289776201,11,3,0
2024-02-22 12:00:00,5.723257591449981,12,3,0
2024-02-22 13:00:00,2.445632748034569,13,3,0
2024-02-22 14:00:00,2.3051880885035723,14,3,0
2024-02-22 15:00:00,2.8963912096819038,15,3,0
2024-02-22 16:00:00,1.9400380145918152,16,3,0
2024-02-22 17:00:00,4.802254106951077,17,3,0
2024-02-22 18:00:00,3.9089688546864494,18,3,0
2024-02-22 19:00:00,4.767779201489793,19,3,0
2024-02-22 20:00:00,4.50428192035093,20,3,0
2024-02-22 21:00:00,4.213818174181006,21,3,0
2024-02-22 22:00:00,1.0778891061219658,22,3,0
2024-02-22 23:00:00,1.40589553708701,23,3,0
2024-02-23 00:00:00,1.7929321753546454,0,4,0
2024-02-23 01:00:00,0.7307275164866845,1,4,0
2024-02-23 02:00:00,0.9303647855030615,2,4,0
2024-02-23 03:00:00,0.8009059122783031,3,4,0
2024-02-23 04:00:00,1.14326388276689,4,4,0
2024-02-23 05:00:00,1.4764950335773377,5,4,0
2024-02-23 06:00:00,3.0646472929845325,6,4,0
2024-02-23 07:00:00,3.4963733156461836,7,4,0
2024-02-23 08:00:00,3.76606621702919,8,4,0
2024-02-23 09:00:00,3.373771461895684,9,4,0
2024-02-23 10:00:00,1.7187358430118598,10,4,0
2024-02-23 11:00:00,2.5596844440389486,11,4,0
2024-02-23 12:00:00,2.870734657546646,12,4,0
2024-02-23 13:00:00,2.1786838961052855,13,4,0
2024-02-23 14:00:00,1.966423724798045,14,4,0
2024-02-23 15:00:00,2.5958955477756933,15,4,0
2024-02-23 16:00:00,2.6043029450615007,16,4,0
2024-02-23 17:00:00,4.3538314307659345,17,4,0
2024-02-23 18:00:00,4.297287576251517,18,4,0
2024-02-23 19:00:00,4.510245725246407,19,4,0
2024-02-23 20:00:00,4.173826218341159,20,4,0
2024-02-23 21:00:00,4.1742524613344445,21,4,0
2024-02-23 22:00:00,1.403811984886951,22,4,0
2024-02-23 23:00:00,0.8553617894524032,23,4,0
2024-02-24 00:00:00,0.922257981362821,0,5,1
2024-02-24 01:00:00,1.2367306042993034,1,5,1
2024-02-24 02:00:00,1.3006787213071838,2,5,1
2024-02-24 03:00:00,1.578618267975569,3,5,1
2024-02-24 04:00:00,1.2607469415925074,4,5,1
2024-02-24 05:00:00,1.8667109585095523,5,5,1
2024-02-24 06:00:00,4.2255954427695075,6,5,1
2024-02-24 07:00:00,3.9575202835077223,7,5,1
2024-02-24 08:00:00,4.325519466266606,8,5,1
2024-02-24 09:00:00,4.620479577883929,9,5,1
2024-02-24 10:00:00,3.1951350277608417,10,5,1
2024-02-24 11:00:00,2.5490759094720548,11,5,1
2024-02-24 12:00:00,2.8848086184142945,12,5,1
2024-02-24 13:00:00,3.0750600618755084,13,5,1
2024-02-24 14:00:00,3.182016917740855,14,5,1
2024-02-24 15:00:00,2.9450410143838837,15,5,1
2024-02-24 16:00:00,2.9037997123328423,16,5,1
2024-02-24 17:00:00,5.938563406773696,17,5,1
2024-02-24 18:00:00,5.599777275616338,18,5,1
2024-02-24 19:00:00,5.526475983184336,19,5,1
2024-02-24 20:00:00,5.23250947381619,20,5,1
2024-02-24 21:00:00,5.069953730108491,21,5,1
2024-02-24 22:00:00,1.571850369186068,22,5,1
2024-02-24 23:00:00,1.6736809510536341,23,5,1
2024-02-25 00:00:00,1.438321194351286,0,6,1
2024-02-25 01:00:00,1.6406224966777536,1,6,1
2024-02-25 02:00:00,1.6486613272697332,2,6,1
2024-02-25 03:00:00,1.6947306332229433,3,6,1
2024-02-25 04:00:00,0.9846378759957571,4,6,1
2024-02-25 05:00:00,1.332891239758017,5,6,1
2024-02-25 06:00:00,4.350199716414363,6,6,1
2024-02-25 07:00:00,4.214932106154288,7,6,1
2024-02-25 08:00:00,4.409648526060761,8,6,1
2024-02-25 09:00:00,4.326291883316817,9,6,1
2024-02-25 10:00:00,2.3539971240386266,10,6,1
2024-02-25 11:00:00,3.3291458135261087,11,6,1
2024-02-25 12:00:00,2.8563487631974787,12,6,1
2024-02-25 13:00:00,2.741167270787064,13,6,1
2024-02-25 14:00:00,3.3179809152139867,14,6,1
2024-02-25 15:00:00,3.185101784873009,15,6,1
2024-02-25 16:00:00,3.36358319561592,16,6,1
2024-02-25 17:00:00,5.478375159370156,17,6,1
2024-02-25 18:00:00,5.289216858226139,18,6,1
2024-02-25 19:00:00,5.443016540202675,19,6,1
2024-02-25 20:00:00,5.091188547545378,20,6,1
2024-02-25 21:00:00,4.994198914246939,21,6,1
2024-02-25 22:00:00,1.2512209818921634,22,6,1
2024-02-25 23:00:00,1.9001183129749497,23,6,1
2024-02-26 00:00:00,1.0392595610843105,0,0,0
2024-02-26 01:00:00,0.687792612722116,1,0,0
2024-02-26 02:00:00,1.1532305466189996,2,0,0
2024-02-26 03:00:00,1.0355138110528197,3,0,0
2024-02-26 04:00:00,1.5352196447707382,4,0,0
2024-02-26 05:00:00,1.6345497689678778,5,0,0
2024-02-26 06:00:00,3.3759604516630173,6,0,0
2024-02-26 07:00:00,3.578084151974866,7,0,0
2024-02-26 08:00:00,3.6031363644649654,8,0,0
2024-02-26 09:00:00,3.485404294528865,9,0,0
2024-02-26 10:00:00,2.43087978573827,10,0,0
2024-02-26 11:00:00,2.2227300567195085,11,0,0
2024-02-26 12:00:00,1.9461436413285718,12,0,0
2024-02-26 13:00:00,2.221146741942277,13,0,0
2024-02-26 14:00:00,2.4749686090628917,14,0,0
2024-02-26 15:00:00,2.065106434090441,15,0,0
2024-02-26 16:00:00,2.562180198819683,16,0,0
2024-02-26 17:00:00,4.520803301110875,17,0,0
2024-02-26 18:00:00,4.33599597462382,18,0,0
2024-02-26 19:00:00,4.418503466902184,19,0,0
2024-02-26 20:00:00,4.110125628921721,20,0,0
2024-02-26 21:00:00,4.748919725363752,21,0,0
2024-02-26 22:00:00,1.4434189663474775,22,0,0
2024-02-26 23:00:00,0.8555210133742145,23,0,0
2024-02-27 00:00:00,0.8632365581266759,0,1,0
2024-02-27 01:00:00,0.9247491536957209,1,1,0
2024-02-27 02:00:00,1.365442882571857,2,1,0
2024-02-27 03:00:00,1.302176764920149,3,1,0
2024-02-27 04:00:00,1.5141953119864344,4,1,0
2024-02-27 05:00:00,1.550876997728332,5,1,0
2024-02-27 06:00:00,3.0406677492332834,6,1,0
2024-02-27 07:00:00,3.6542764268053505,7,1,0
2024-02-27 08:00:00,3.8373060079611507,8,1,0
2024-02-27 09:00:00,3.399776830706018,9,1,0
2024-02-27 10:00:00,2.4929343547377285,10,1,0
2024-02-27 11:00:00,2.447693722629149,11,1,0
2024-02-27 12:00:00,2.4605582212984998,12,1,0
2024-02-27 13:00:00,2.747814151432452,13,1,0
2024-02-27 14:00:00,3.024875171261626,14,1,0
2024-02-27 15:00:00,2.914436223607146,15,1,0
2024-02-27 16:00:00,2.3491075688345973,16,1,0
2024-02-27 17:00:00,4.579046164599318,17,1,0
2024-02-27 18:00:00,4.264870300324081,18,1,0
2024-02-27 19:00:00,4.292837684305122,19,1,0
2024-02-27 20:00:00,4.479846512985193,20,1,0
2024-02-27 21:00:00,4.285272003266774,21,1,0
2024-02-27 22:00:00,1.025984027588987,22,1,0
2024-02-27 23:00:00,1.271821350160613,23,1,0
2024-02-28 00:00:00,1.34990553309088,0,2,0
2024-02-28 01:00:00,1.3416006812757824,1,2,0
2024-02-28 02:00:00,1.3446746858041971,2,2,0
2024-02-28 03:00:00,0.8287012733018106,3,2,0
2024-02-28 04:00:00,0.9710141687464255,4,2,0
2024-02-28 05:00:00,1.2113813506342805,5,2,0
2024-02-28 06:00:00,3.8218934143298036,6,2,0
2024-02-28 07:00:00,4.209161748385808,7,2,0
2024-02-28 08:00:00,3.591145578681463,8,2,0
2024-02-28 09:00:00,3.716468751537843,9,2,0
2024-02-28 10:00:00,2.0984182600830255,10,2,0
2024-02-28 11:00:00,2.7078755869094833,11,2,0
2024-02-28 12:00:00,3.0977546059504357,12,2,0
2024-02-28 13:00:00,2.2700030236649957,13,2,0
2024-02-28 14:00:00,2.335132859227426,14,2,0
2024-02-28 15:00:00,2.7578763660939405,15,2,0
2024-02-28 16:00:00,2.5076165261627232,16,2,0
2024-02-28 17:00:00,3.9240980531407033,17,2,0
2024-02-28 18:00:00,4.352063153280068,18,2,0
2024-02-28 19:00:00,4.933089601040645,19,2,0
2024-02-28 20:00:00,4.416311120900457,20,2,0
2024-02-28 21:00:00,4.41607194945125,21,2,0
2024-02-28 22:00:00,1.4371115688155134,22,2,0
2024-02-28 23:00:00,1.302015388370667,23,2,0
2024-02-29 00:00:00,1.1006074850450032,0,3,0
2024-02-29 01:00:00,1.0163289796476749,1,3,0
2024-02-29 02:00:00,2.0847283275926176,2,3,0
2024-02-29 03:00:00,1.573403874221036,3,3,0
2024-02-29 04:00:00,1.3445598185155474,4,3,0
2024-02-29 05:00:00,1.3641794392133901,5,3,0
2024-02-29 06:00:00,3.46236372199913,6,3,0
2024-02-29 07:00:00,3.5983638572478074,7,3,0
2024-02-29 08:00:00,3.431060110827442,8,3,0
2024-02-29 09:00:00,3.2445780697219058,9,3,0
2024-02-29 10:00:00,2.6102444996422913,10,3,0
2024-02-29 11:00:00,2.4059410941482806,11,3,0
2024-02-29 12:00:00,2.6260283471355526,12,3,0
2024-02-29 13:00:00,2.6820551779647013,13,3,0
2024-02-29 14:00:00,2.6420896230434363,14,3,0
2024-02-29 15:00:00,2.2220856610055386,15,3,0
2024-02-29 16:00:00,2.374789955918475,16,3,0
2024-02-29 17:00:00,4.411473025728628,17,3,0
2024-02-29 18:00:00,4.792745015803413,18,3,0
2024-02-29 19:00:00,4.775536333182724,19,3,0
2024-02-29 20:00:00,4.287126043575248,20,3,0
2024-02-29 21:00:00,4.1224485267974,21,3,0
2024-02-29 22:00:00,1.9280149459036566,22,3,0
2024-02-29 23:00:00,1.3298879476082088,23,3,0
